Precision,Recall,F1-Score,AUC
0.4495199301716613,0.6616702355460385,0.5353430353430353,0.7997412660265062
0.4870526622054117,0.716916488222698,0.58004158004158,0.8393035497399748
0.4876345650276404,0.7177730192719486,0.5807345807345807,0.8421417126020019
0.4917078847832412,0.7237687366167024,0.5855855855855856,0.8463957291758116
