Precision,Recall,F1-Score,AUC,Fidelity
0.4140238580157114,0.6094218415417559,0.49306999306999305,0.7567398768161496,0.7744610281923715
0.41431480942682575,0.6098501070663812,0.4934164934164934,0.7559111393637614,0.8280527188618312
0.41373290660459705,0.6089935760171307,0.49272349272349275,0.7560879949032553,0.8177533385703064
