Precision,Recall,F1-Score,AUC,Fidelity
0.45119586296056885,0.5978586723768736,0.5142751888008842,0.7774873978104091,0.7918303220738413
0.45830639948287005,0.6072805139186296,0.5223798121200958,0.7906708820288575,0.8436763550667714
0.4557207498383969,0.6038543897216274,0.5194326763676552,0.7824252917975556,0.8333769747752465
