Precision,Recall,F1-Score,AUC,Fidelity
0.44428280477160315,0.6539614561027838,0.5291060291060291,0.7959426278188552,0.8137383259142882
0.4361361652604015,0.6419700214132762,0.5194040194040194,0.7851928673743079,0.8423671118093742
0.42973523421588594,0.6325481798715203,0.5117810117810118,0.7811941340487055,0.8510954001920223
