hidden_dims,batch_size,dropout_rate,learning_rate,lam,gamma,l2norm_pct,max_epochs,f1_score
"(64,)",133,0.07946771063296383,0.0007142747084513989,0.09413968351268384,0.14998868393631656,88,437,0.4218839603378415
"(64, 32)",89,0.22630278887963096,0.0008449677452978478,0.076122085414898,0.2530079200854391,90,265,0.38693457716831936
