hidden_dims,batch_size,dropout_rate,learning_rate,lam,gamma,l2norm_pct,max_epochs,recall
"(64, 32)",121,0.3699788046125254,0.0030024418464333004,0.06755840309918724,0.8480186564383803,81,365,0.5114967462039046
"(64, 32)",131,0.39097586533368267,0.004542062813428836,0.06289515052717362,0.35216849515423926,88,417,0.48351409978308024
"(64, 32)",78,0.2824826749733974,0.0024388067896841817,0.04795501869431032,0.5173607415104158,80,163,0.49349240780911063
"(64,)",117,0.36135366793071055,0.004178512266187147,0.07910352186689487,0.023005213616213677,88,517,0.5314533622559653
"(64, 32)",128,0.10230401360713065,0.003004546086550322,0.009586901123724914,0.1626064535251866,80,390,0.5592190889370933
"(64,)",78,0.08763447725192204,0.002964438458464067,0.09383768692658202,0.49755878595428854,79,244,0.516702819956616
"(64,)",110,0.09004681782287605,0.0017706902209961763,0.03443422787811346,0.015462840169140617,84,323,0.5379609544468547
"(64,)",95,0.20999469192269593,0.004288192149767814,0.031907576692218595,0.9547367691700221,77,365,0.5240780911062907
"(64,)",67,0.1512796535436643,0.0027490846114332362,0.04685061708442685,0.6054046058966799,92,607,0.5331887201735358
