hidden_dims,batch_size,dropout_rate,learning_rate,lam,gamma,auc
"(64, 32)",91,0.13817697100537238,0.07753202481238185,0.04916278144991648,0.3170041642868119,0.6684655535624895
"(64,)",101,0.027990152526076912,0.052081404532896294,0.06276896923282792,0.24862263400693116,0.6973237242692232
