hidden_dims,batch_size,dropout_rate,learning_rate,lam,gamma,auc
"(64, 32)",91,0.13817697100537238,0.07753202481238185,0.04916278144991648,0.3170041642868119,0.6693585461447447
