version,precision,recall,f1_score,auc,accuracy,hidden_dims,batch_size,dropout_rate,learning_rate,lam,gamma,threshold,tuned_by
202504180314,0.7713787085514834,0.19175704989154013,0.3071577484364142,0.6998871789815391,0.8259579296499956,[64],108.0,0.2375609598696095,0.070543361414964,0.0440816920886012,0.0845590315944571,16.706953430175773,Precision
202504180327,0.43264474832702937,0.645119305856833,0.5179380006966214,0.7963185506196624,0.7584009775682988,[64],123.0,0.3788552483491204,0.0590962202603381,0.0001,0.999,0.03842080906033516,Recall
202504180259,0.4961411245865491,0.5856832971800434,0.5372065260644647,0.8097643747250579,0.7969800122196037,[64],64.0,0.3523880053016129,0.02,0.0001,0.999,0.04507346600294113,F1-Score
202504180245,0.4994487320837927,0.589587852494577,0.5407879029048945,0.8128538218831061,0.7985511041284804,[64],128.0,0.0,0.1,0.0001,0.999,0.03972945064306259,AUC
