version,precision,recall,f1_score,auc,accuracy,hidden_dims,batch_size,dropout_rate,learning_rate,lam,gamma,threshold,tuned_by
202505080154,0.7818499127399651,0.19436008676789587,0.3113273106323836,0.70768567116181,0.8270053242559134,"(64,)",79.0,0.3082061484717845,0.042714637839849336,0.03148825330415755,0.21221179869824058,14.037384796142572,Precision
202505072148,0.5097468722723305,0.7600867678958785,0.6102403343782654,0.8703627480166255,0.8046609059963341,[64],110.0,0.2107644486398229,0.0604298281576713,0.0011058678078226,0.999,0.03464723229408264,Recall
202505080056,0.47716031422752403,0.7114967462039046,0.5712295367467781,0.8378350262806608,0.7851095400192022,[64],73.0,0.240492745288036,0.0812566250403676,0.0001,0.999,0.037199541181325915,F1-Score
202505080012,0.5379691591504219,0.8021691973969631,0.6440264716126786,0.8919144541738089,0.8215937854586716,"[64, 32]",83.0,0.0007949481727942,0.0889867087174694,0.0016505096316511,0.999,0.05139082819223404,AUC
