version,precision,recall,f1_score,auc,accuracy,hidden_dims,batch_size,dropout_rate,learning_rate,lam,gamma,threshold,tuned_by
202504180314,0.7713787085514834,0.19175704989154013,0.3071577484364142,0.6998871789815391,0.8259579296499956,[64],108.0,0.2375609598696095,0.070543361414964,0.0440816920886012,0.0845590315944571,16.706953430175773,Precision
202504180327,0.43264474832702937,0.645119305856833,0.5179380006966214,0.7963185506196624,0.7584009775682988,[64],123.0,0.3788552483491204,0.0590962202603381,0.0001,0.999,0.03842080906033516,Recall
202505052210,0.40325865580448067,0.6013015184381779,0.4827586206896552,0.7644232191344448,0.7407698350353495,"(64,)",64.0,0.0,0.1,0.0001,0.999,0.031117095798254012,F1-Score
202505052144,0.4367180680826302,0.6511930585683298,0.5228143504005573,0.8109248668901597,0.7608448983154403,"(64,)",128.0,0.4,0.02,0.0001,0.999,0.04597994089126587,AUC
