version,precision,recall,f1_score,auc,accuracy,hidden_dims,batch_size,dropout_rate,learning_rate,lam,gamma,threshold,tuned_by
202504180314,0.7766143106457243,0.19305856832971802,0.3092425295343989,0.7019982356309634,0.8264816269529546,"(64,)",108.0,0.23756095986960954,0.07054336141496405,0.044081692088601236,0.08455903159445718,16.95142402648925,Precision
202504180327,0.42362525458248473,0.6316702819956616,0.5071403692093347,0.791755698883546,0.752989438771057,[64],123.0,0.3788552483491204,0.0590962202603381,0.0001,0.999,0.038421028107404706,Recall
202504180259,0.43875472796043063,0.6542299349240781,0.5252525252525253,0.7959675729639126,0.7620668586890111,[64],64.0,0.3523880053016129,0.02,0.0001,0.999,0.036762654036283496,F1-Score
202504180245,0.5108416023520764,0.6030368763557483,0.5531237564663749,0.8254011545666914,0.8039626429257223,[64],128.0,0.0,0.1,0.0001,0.999,0.039120895415544504,AUC
